{
  "metadata": {
    "file_type": "workflow_dsl",
    "schema_version": 2
  },
  "uuid": "9174f4b5-2809-4a09-a25c-18b870b94945",
  "owner_email": "chris.card@hyperscience.com",
  "title": "PDF Redaction (Field Based)",
  "manifest": {
    "input": [
      {
        "name": "layout_release_uuid",
        "type": "ReleaseUUID",
        "title": "Layout Release",
        "ui": {
          "hidden": true
        }
      },
      {
        "name": "structured_layout_match_threshold",
        "type": "number",
        "title": "Structured Layout Match Threshold",
        "description": "Matches structured layouts above this threshold to a layout variation automatically. Pages below this threshold will be sent to Document Classification, if enabled. If disabled, such pages will be marked as \"No Layout Variation Found.\"",
        "schema": {
          "type": "number",
          "minimum": 0,
          "maximum": 1
        }
      },
      {
        "name": "semi_structured_classification",
        "type": "boolean",
        "title": "Semi-Structured Classification",
        "description": "Enables workflow to manage a model for automated classification of semi-structured and additional layout variations."
      },
      {
        "name": "manual_nlc_enabled",
        "type": "boolean",
        "title": "Manual Classification Supervision",
        "description": "Enables manual classification when applicable"
      },
      {
        "name": "semi_target_accuracy",
        "type": "Percentage",
        "title": "Semi-Structured Target Accuracy",
        "schema": {
          "type": "number",
          "multipleOf": 0.001,
          "minimum": 0,
          "maximum": 1
        }
      },
      {
        "name": "semi_doc_grouping_logic",
        "type": "string",
        "title": "Semi-Structured Grouping Logic",
        "description": "Determines how multiple pages matched to the same layout variation in a given submission will be handled.",
        "schema": {
          "type": "string",
          "oneOf": [
            {
              "title": "Consecutive pages as a document",
              "const": "group_pages"
            },
            {
              "title": "Consecutive pages as separate documents",
              "const": "split_pages"
            },
            {
              "title": "Manual review of consecutive pages",
              "const": "manual"
            }
          ]
        }
      },
      {
        "name": "semi_qa_sample_rate",
        "type": "Percentage",
        "title": "Semi-Structured QA Sample Rate",
        "description": "Defines the percentage of documents sampled for QA."
      },
      {
        "name": "field_id_target_accuracy",
        "type": "Percentage",
        "title": "Field Identification Target Accuracy",
        "schema": {
          "type": "number",
          "multipleOf": 0.001,
          "minimum": 0,
          "maximum": 1
        }
      },
      {
        "name": "table_id_target_accuracy",
        "type": "Percentage",
        "title": "Table Identification Target Accuracy",
        "value": 0.96,
        "schema": {
          "type": "number",
          "multipleOf": 0.001,
          "minimum": 0,
          "maximum": 1
        }
      },
      {
        "name": "manual_field_id_enabled",
        "type": "boolean",
        "title": "Manual Identification Supervision",
        "description": "Enables manual identification when applicable"
      },
      {
        "name": "field_id_qa_enabled",
        "type": "boolean",
        "title": "Field Identification Quality Assurance",
        "description": "Allows users to verify the location or presence of fields on semi-structured documents."
      },
      {
        "name": "field_id_qa_sample_rate",
        "type": "Percentage",
        "title": "Field Identification QA Sample Rate",
        "description": "Defines the percentage of documents the system samples for QA.",
        "dependencies": [
          {
            "condition": {
              "properties": {
                "field_id_qa_enabled": {
                  "const": false
                }
              }
            },
            "override": {
              "ui": {
                "na_reason": "Not applied when Field Identification Quality Assurance is disabled."
              }
            }
          }
        ]
      },
      {
        "name": "table_id_qa_enabled",
        "type": "boolean",
        "title": "TABLE IDENTIFICATION QUALITY ASSURANCE",
        "description": "Allows users to verify the location of table cells.",
        "value": true
      },
      {
        "name": "table_id_qa_sample_rate",
        "type": "Percentage",
        "title": "TABLE IDENTIFICATION QA SAMPLE RATE",
        "description": "Defines the percentage of tables the system samples for QA.",
        "value": 0.05,
        "dependencies": [
          {
            "condition": {
              "properties": {
                "table_id_qa_enabled": {
                  "const": false
                }
              }
            },
            "override": {
              "ui": {
                "na_reason": "Not applied when Table Identification Quality Assurance is disabled."
              }
            }
          }
        ]
      },
      {
        "name": "transcription_automation_training",
        "type": "TranscriptionAutomationTraining",
        "title": "Transcription Automation Training",
        "description": "Uses QA data for on-premise machine learning to improve transcription automation.",
        "value": true,
        "schema": {
          "type": "boolean"
        }
      },
      {
        "name": "transcription_training_legibility_period",
        "type": "integer",
        "title": "Periods of records to use",
        "value": 30,
        "schema": {
          "type": "integer",
          "minimum": 0
        },
        "ui": {
          "prefix": "Past",
          "suffix": "days"
        },
        "dependencies": [
          {
            "condition": {
              "properties": {
                "transcription_automation_training": {
                  "const": false
                }
              }
            },
            "override": {
              "ui": {
                "na_reason": "Not applied when Transcription Automation Training is disabled."
              }
            }
          }
        ]
      },
      {
        "name": "improved_transcription_threshold_accuracy",
        "type": "boolean",
        "title": "Improved threshold accuracy",
        "value": true,
        "dependencies": [
          {
            "condition": {
              "properties": {
                "transcription_automation_training": {
                  "const": false
                }
              }
            },
            "override": {
              "ui": {
                "na_reason": "Not applied when Transcription Automation Training is disabled."
              }
            }
          }
        ]
      },
      {
        "name": "structured_text_min_training_records",
        "type": "integer",
        "title": "Structured Text Min Training Records",
        "value": 2000,
        "schema": {
          "type": "integer",
          "minimum": 0
        },
        "ui": {
          "hidden": true
        }
      },
      {
        "name": "structured_text_max_training_records",
        "type": "integer",
        "title": "Structured Text Max Training Records",
        "value": 50000,
        "schema": {
          "type": "integer",
          "minimum": 0
        },
        "ui": {
          "hidden": true
        }
      },
      {
        "name": "structured_text_target_accuracy",
        "type": "Percentage",
        "title": "Structured Text Target Accuracy",
        "value": 0.95,
        "schema": {
          "type": "number",
          "multipleOf": 0.001,
          "minimum": 0,
          "maximum": 1
        },
        "dependencies": [
          {
            "condition": {
              "properties": {
                "transcription_automation_training": {
                  "const": false
                }
              }
            },
            "override": {
              "ui": {
                "na_reason": "Not applied when Transcription Automation Training is disabled."
              }
            }
          }
        ]
      },
      {
        "name": "structured_text_automation",
        "type": "Percentage",
        "title": "Structured Text Automation",
        "description": "This number shows the amount of automation you will get based on the target accuracy.",
        "value": 0,
        "schema": {
          "type": "number",
          "multipleOf": 0.001,
          "minimum": 0,
          "maximum": 1
        },
        "ui": {
          "disabled": true
        },
        "dependencies": [
          {
            "condition": {
              "properties": {
                "transcription_automation_training": {
                  "const": false
                }
              }
            },
            "override": {
              "ui": {
                "na_reason": "Not applied when Transcription Automation Training is disabled."
              }
            }
          }
        ]
      },
      {
        "name": "structured_text_threshold",
        "type": "number",
        "title": "Structured Text Threshold",
        "value": 0.52,
        "schema": {
          "type": "number",
          "minimum": 0,
          "maximum": 1
        }
      },
      {
        "name": "structured_min_leg_threshold",
        "type": "number",
        "title": "Structured Text Minimum Legibility Threshold",
        "schema": {
          "type": "number",
          "minimum": 0,
          "maximum": 1
        }
      },
      {
        "name": "semi_structured_text_min_training_records",
        "type": "integer",
        "title": "Semi-Structured Text Min Training Records",
        "value": 2000,
        "schema": {
          "type": "integer",
          "minimum": 0
        },
        "ui": {
          "hidden": true
        }
      },
      {
        "name": "semi_structured_text_max_training_records",
        "type": "integer",
        "title": "Semi-Structured Text Max Training Records",
        "value": 50000,
        "schema": {
          "type": "integer",
          "minimum": 0
        },
        "ui": {
          "hidden": true
        }
      },
      {
        "name": "semi_structured_text_target_accuracy",
        "type": "Percentage",
        "title": "Semi-Structured Text Target Accuracy",
        "value": 0.95,
        "schema": {
          "type": "number",
          "multipleOf": 0.001,
          "minimum": 0,
          "maximum": 1
        },
        "dependencies": [
          {
            "condition": {
              "properties": {
                "transcription_automation_training": {
                  "const": false
                }
              }
            },
            "override": {
              "ui": {
                "na_reason": "Not applied when Transcription Automation Training is disabled."
              }
            }
          }
        ]
      },
      {
        "name": "semi_structured_text_automation",
        "type": "Percentage",
        "title": "Semi-Structured Text Automation",
        "description": "This number shows the amount of automation you will get based on the target accuracy.",
        "value": 0,
        "schema": {
          "type": "number",
          "multipleOf": 0.001,
          "minimum": 0,
          "maximum": 1
        },
        "ui": {
          "disabled": true
        },
        "dependencies": [
          {
            "condition": {
              "properties": {
                "transcription_automation_training": {
                  "const": false
                }
              }
            },
            "override": {
              "ui": {
                "na_reason": "Not applied when Transcription Automation Training is disabled."
              }
            }
          }
        ]
      },
      {
        "name": "semi_structured_text_threshold",
        "type": "number",
        "title": "Semi-Structured Text Threshold",
        "value": 0.52,
        "schema": {
          "type": "number",
          "minimum": 0,
          "maximum": 1
        }
      },
      {
        "name": "semi_structured_min_leg_threshold",
        "type": "number",
        "title": "Semi-Structured Text Minimum Legibility Threshold",
        "schema": {
          "type": "number",
          "minimum": 0,
          "maximum": 1
        }
      },
      {
        "name": "structured_checkbox_min_training_records",
        "type": "integer",
        "title": "Structured Checkbox Min Training Records",
        "value": 2000,
        "schema": {
          "type": "integer",
          "minimum": 0
        },
        "ui": {
          "hidden": true
        }
      },
      {
        "name": "structured_checkbox_max_training_records",
        "type": "integer",
        "title": "Structured Checkbox Max Training Records",
        "value": 50000,
        "schema": {
          "type": "integer",
          "minimum": 0
        },
        "ui": {
          "hidden": true
        }
      },
      {
        "name": "structured_checkbox_target_accuracy",
        "type": "Percentage",
        "title": "Structured Checkbox Target Accuracy",
        "value": 0.95,
        "schema": {
          "type": "number",
          "multipleOf": 0.001,
          "minimum": 0,
          "maximum": 1
        },
        "dependencies": [
          {
            "condition": {
              "properties": {
                "transcription_automation_training": {
                  "const": false
                }
              }
            },
            "override": {
              "ui": {
                "na_reason": "Not applied when Transcription Automation Training is disabled."
              }
            }
          }
        ]
      },
      {
        "name": "structured_checkbox_automation",
        "type": "Percentage",
        "title": "Structured Checkbox Automation",
        "description": "This number shows the amount of automation you will get based on the target accuracy.",
        "value": 0,
        "schema": {
          "type": "number",
          "multipleOf": 0.001,
          "minimum": 0,
          "maximum": 1
        },
        "ui": {
          "disabled": true
        },
        "dependencies": [
          {
            "condition": {
              "properties": {
                "transcription_automation_training": {
                  "const": false
                }
              }
            },
            "override": {
              "ui": {
                "na_reason": "Not applied when Transcription Automation Training is disabled."
              }
            }
          }
        ]
      },
      {
        "name": "structured_checkbox_threshold",
        "type": "number",
        "title": "Structured Checkbox Threshold",
        "value": 0.56,
        "schema": {
          "type": "number",
          "minimum": 0,
          "maximum": 1
        }
      },
      {
        "name": "checkbox_min_leg_threshold",
        "type": "number",
        "title": "Structured Checkbox Minimum Legibility Threshold",
        "schema": {
          "type": "number",
          "minimum": 0,
          "maximum": 1
        }
      },
      {
        "name": "structured_signature_min_training_records",
        "type": "integer",
        "title": "Structured Signature Min Training Records",
        "value": 2000,
        "schema": {
          "type": "integer",
          "minimum": 0
        },
        "ui": {
          "hidden": true
        }
      },
      {
        "name": "structured_signature_max_training_records",
        "type": "integer",
        "title": "Structured Signature Max Training Records",
        "value": 50000,
        "schema": {
          "type": "integer",
          "minimum": 0
        },
        "ui": {
          "hidden": true
        }
      },
      {
        "name": "structured_signature_target_accuracy",
        "type": "Percentage",
        "title": "Structured Signature Target Accuracy",
        "value": 0.95,
        "schema": {
          "type": "number",
          "multipleOf": 0.001,
          "minimum": 0,
          "maximum": 1
        },
        "dependencies": [
          {
            "condition": {
              "properties": {
                "transcription_automation_training": {
                  "const": false
                }
              }
            },
            "override": {
              "ui": {
                "na_reason": "Not applied when Transcription Automation Training is disabled."
              }
            }
          }
        ]
      },
      {
        "name": "structured_signature_automation",
        "type": "Percentage",
        "title": "Structured Signature Automation",
        "description": "This number shows the amount of automation you will get based on the target accuracy.",
        "value": 0,
        "schema": {
          "type": "number",
          "multipleOf": 0.001,
          "minimum": 0,
          "maximum": 1
        },
        "ui": {
          "disabled": true
        },
        "dependencies": [
          {
            "condition": {
              "properties": {
                "transcription_automation_training": {
                  "const": false
                }
              }
            },
            "override": {
              "ui": {
                "na_reason": "Not applied when Transcription Automation Training is disabled."
              }
            }
          }
        ]
      },
      {
        "name": "structured_signature_threshold",
        "type": "number",
        "title": "Structured Signature Threshold",
        "value": 0.99,
        "schema": {
          "type": "number",
          "minimum": 0,
          "maximum": 1
        }
      },
      {
        "name": "signature_min_leg_threshold",
        "type": "number",
        "title": "Structured Signature Minimum Legibility Threshold",
        "schema": {
          "type": "number",
          "minimum": 0,
          "maximum": 1
        }
      },
      {
        "name": "semi_structured_checkbox_min_training_records",
        "type": "integer",
        "title": "Semi-Structured Checkbox Min Training Records",
        "value": 2000,
        "schema": {
          "type": "integer",
          "minimum": 0
        },
        "ui": {
          "hidden": true
        }
      },
      {
        "name": "semi_structured_checkbox_max_training_records",
        "type": "integer",
        "title": "Semi-Structured Checkbox Max Training Records",
        "value": 50000,
        "schema": {
          "type": "integer",
          "minimum": 0
        },
        "ui": {
          "hidden": true
        }
      },
      {
        "name": "semi_structured_checkbox_target_accuracy",
        "type": "Percentage",
        "title": "Semi-Structured Checkbox Target Accuracy",
        "value": 0.95,
        "schema": {
          "type": "number",
          "multipleOf": 0.001,
          "minimum": 0,
          "maximum": 1
        },
        "dependencies": [
          {
            "condition": {
              "properties": {
                "transcription_automation_training": {
                  "const": false
                }
              }
            },
            "override": {
              "ui": {
                "na_reason": "Not applied when Transcription Automation Training is disabled."
              }
            }
          }
        ]
      },
      {
        "name": "semi_structured_checkbox_automation",
        "type": "Percentage",
        "title": "Semi-Structured Checkbox Automation",
        "description": "This number shows the amount of automation you will get based on the target accuracy.",
        "value": 0,
        "schema": {
          "type": "number",
          "multipleOf": 0.001,
          "minimum": 0,
          "maximum": 1
        },
        "ui": {
          "disabled": true
        },
        "dependencies": [
          {
            "condition": {
              "properties": {
                "transcription_automation_training": {
                  "const": false
                }
              }
            },
            "override": {
              "ui": {
                "na_reason": "Not applied when Transcription Automation Training is disabled."
              }
            }
          }
        ]
      },
      {
        "name": "semi_structured_checkbox_threshold",
        "type": "number",
        "title": "Semi-Structured Checkbox Threshold",
        "value": 0.56,
        "schema": {
          "type": "number",
          "minimum": 0,
          "maximum": 1
        }
      },
      {
        "name": "semi_structured_checkbox_min_leg_threshold",
        "type": "number",
        "title": "Semi-Structured Checkbox Minimum Legibility Threshold",
        "schema": {
          "type": "number",
          "minimum": 0,
          "maximum": 1
        }
      },
      {
        "name": "semi_transcription_conf_boost",
        "type": "boolean",
        "title": "Semi-Structured Transcription Confidence Boost"
      },
      {
        "name": "qa",
        "type": "boolean",
        "title": "Transcription Quality Assurance"
      },
      {
        "name": "qa_sample_rate",
        "type": "Percentage",
        "title": "Transcription QA Sample Rate",
        "description": "Defines the percentage of fields the system samples for QA.",
        "dependencies": [
          {
            "condition": {
              "properties": {
                "qa": {
                  "const": false
                }
              }
            },
            "override": {
              "ui": {
                "na_reason": "Not applied when Transcription Quality Assurance is disabled."
              }
            }
          }
        ]
      },
      {
        "name": "table_cell_transcription_qa_enabled",
        "type": "boolean",
        "title": "Table Transcription Quality Assurance"
      },
      {
        "name": "table_cell_transcription_qa_sample_rate",
        "type": "Percentage",
        "title": "Table Transcription QA Sample Rate",
        "description": "Defines the percentage of cells the system samples for QA. This value is likely to be lower than \"Transcription QA Sample Rate\" sincethere are more table cells than fields on any given page.",
        "dependencies": [
          {
            "condition": {
              "properties": {
                "table_cell_transcription_qa_enabled": {
                  "const": false
                }
              }
            },
            "override": {
              "ui": {
                "na_reason": "Not applied when Table Transcription Quality Assurance is disabled."
              }
            }
          }
        ]
      },
      {
        "name": "manual_transcription_enabled",
        "type": "boolean",
        "title": "Manual Transcription Supervision",
        "description": "Enables manual transcription when applicable"
      },
      {
        "name": "transcription_model",
        "type": "string",
        "title": "Transcription Model",
        "description": "The transcription model that will be used for this flow",
        "ui": {
          "hidden": true
        }
      },
      {
        "name": "finetuning_only_trained_layouts",
        "type": "boolean",
        "title": "Finetuning only for trained layouts",
        "description": "Run finetuning only for trained layouts."
      }
    ],
    "ui": {
      "groups": [
        {
          "title": "Classification",
          "fields": [
            "structured_layout_match_threshold",
            "semi_structured_classification",
            "manual_nlc_enabled",
            "semi_target_accuracy",
            "semi_doc_grouping_logic",
            "semi_qa_sample_rate"
          ]
        },
        {
          "title": "Identification",
          "fields": [
            "field_id_target_accuracy",
            "table_id_target_accuracy",
            "manual_field_id_enabled",
            "field_id_qa_enabled",
            "field_id_qa_sample_rate",
            "table_id_qa_enabled",
            "table_id_qa_sample_rate"
          ]
        },
        {
          "title": "General Transcription",
          "fields": [
            "transcription_automation_training",
            "transcription_training_legibility_period",
            "improved_transcription_threshold_accuracy",
            "manual_transcription_enabled",
            "qa",
            "qa_sample_rate",
            "table_cell_transcription_qa_enabled",
            "table_cell_transcription_qa_sample_rate"
          ]
        },
        {
          "title": "Structured Document Transcription",
          "fields": [
            "structured_text_min_training_records",
            "structured_text_max_training_records",
            "structured_text_target_accuracy",
            "structured_text_automation",
            "structured_text_threshold",
            "structured_min_leg_threshold",
            "structured_checkbox_min_training_records",
            "structured_checkbox_max_training_records",
            "structured_checkbox_target_accuracy",
            "structured_checkbox_automation",
            "structured_checkbox_threshold",
            "checkbox_min_leg_threshold",
            "structured_signature_min_training_records",
            "structured_signature_max_training_records",
            "structured_signature_target_accuracy",
            "structured_signature_automation",
            "structured_signature_threshold",
            "signature_min_leg_threshold",
            "finetuning_only_trained_layouts"
          ]
        },
        {
          "title": "Semi-Structured Document Transcription",
          "fields": [
            "semi_structured_text_min_training_records",
            "semi_structured_text_max_training_records",
            "semi_structured_text_target_accuracy",
            "semi_structured_text_automation",
            "semi_structured_text_threshold",
            "semi_structured_min_leg_threshold",
            "semi_structured_checkbox_min_training_records",
            "semi_structured_checkbox_max_training_records",
            "semi_structured_checkbox_target_accuracy",
            "semi_structured_checkbox_automation",
            "semi_structured_checkbox_threshold",
            "semi_structured_checkbox_min_leg_threshold",
            "semi_transcription_conf_boost"
          ]
        }
      ]
    },
    "identifier": "PDF_REDACTION_FIELD_BASED",
    "roles": [
      "idp"
    ],
    "output": [
      {
        "name": "submission",
        "type": "Submission",
        "title": "Submission",
        "description": "The processed submission"
      }
    ],
    "enable_overrides": true
  },
  "blocks": [
    {
      "identifier": "SUBMISSION_BOOTSTRAP_2",
      "reference_name": "submission_bootstrap",
      "input": {
        "$trigger": "${workflow.input.$trigger}",
        "layout_release_uuid": "${workflow.input.layout_release_uuid}",
        "s3_config": "${system.secrets.s3_downloader}",
        "s3_endpoint_url": null,
        "ocs_config": "${system.secrets.ocs_downloader}",
        "notification_workflow": "IDP_SUBMISSION_NOTIFY_V32",
        "workflow_uuid": "${workflow.input.workflow_uuid}",
        "workflow_name": "${workflow.input.workflow_name}",
        "workflow_version": "${workflow.input.workflow_version}"
      },
      "title": "Submission Initialization",
      "description": "Initialize submission and, if necessary, fetch and prepare external images or other submission data"
    },
    {
      "identifier": "MACHINE_COLLATION_2",
      "reference_name": "machine_collation",
      "input": {
        "submission": "${submission_bootstrap.output.result.submission}",
        "cases": "${submission_bootstrap.output.result.api_params.cases}"
      },
      "title": "Machine Collation",
      "description": "Group files, documents, and pages into cases"
    },
    {
      "identifier": "MACHINE_CLASSIFICATION_2",
      "reference_name": "machine_classification",
      "input": {
        "submission": "${machine_collation.output.submission}",
        "api_params": "${submission_bootstrap.output.result.api_params}",
        "layout_release_uuid": "${workflow.input.layout_release_uuid}",
        "vpc_registration_threshold": "${workflow.input.structured_layout_match_threshold}",
        "nlc_enabled": "${workflow.input.semi_structured_classification}",
        "nlc_target_accuracy": "${workflow.input.semi_target_accuracy}",
        "nlc_doc_grouping_logic": "${workflow.input.semi_doc_grouping_logic}",
        "rotation_correction_enabled": true,
        "mobile_processing_enabled": false
      },
      "title": "Machine Classification",
      "description": "Automatically classify documents"
    },
    {
      "identifier": "MANUAL_CLASSIFICATION_2",
      "reference_name": "manual_classification",
      "input": {
        "layout_release_uuid": "${workflow.input.layout_release_uuid}",
        "manual_nlc_enabled": "${workflow.input.manual_nlc_enabled}",
        "task_restrictions": [],
        "api_params": "${submission_bootstrap.output.result.api_params}",
        "submission": "${machine_classification.output.submission}",
        "notification_workflow": "IDP_SUBMISSION_NOTIFY_V32"
      },
      "title": "Manual Classification",
      "description": "Manually classify documents that could not be automatically classified"
    },
    {
      "identifier": "MACHINE_IDENTIFICATION_3",
      "reference_name": "machine_identification",
      "input": {
        "submission": "${manual_classification.output.submission}",
        "api_params": "${submission_bootstrap.output.result.api_params}",
        "manual_field_id_enabled": "${workflow.input.manual_field_id_enabled}",
        "field_id_target_accuracy": "${workflow.input.field_id_target_accuracy}",
        "table_id_target_accuracy": "${workflow.input.table_id_target_accuracy}"
      },
      "title": "Machine Identification",
      "description": "Automatically locate fields on semi-structured documents"
    },
    {
      "identifier": "MANUAL_IDENTIFICATION_3",
      "reference_name": "manual_identification",
      "input": {
        "submission": "${machine_identification.output.submission}",
        "api_params": "${submission_bootstrap.output.result.api_params}",
        "manual_field_id_enabled": "${workflow.input.manual_field_id_enabled}",
        "layout_release_uuid": "${workflow.input.layout_release_uuid}",
        "notification_workflow": "IDP_SUBMISSION_NOTIFY_V32",
        "task_restrictions": []
      },
      "title": "Manual Identification",
      "description": "Manually locate fields on semi-structured documents that could not be automatically located"
    },
    {
      "identifier": "MACHINE_TRANSCRIPTION_3",
      "reference_name": "machine_transcription",
      "input": {
        "layout_release_uuid": "${workflow.input.layout_release_uuid}",
        "submission": "${manual_identification.output.submission}",
        "api_params": "${submission_bootstrap.output.result.api_params}",
        "transcription_automation_training": "${workflow.input.transcription_automation_training}",
        "transcription_model": "${workflow.input.transcription_model}",
        "flex_confidence_boosting_enabled": "${workflow.input.semi_transcription_conf_boost}",
        "finetuning_only_trained_layouts": "${workflow.input.finetuning_only_trained_layouts}",
        "structured_text_target_accuracy": "${workflow.input.structured_text_target_accuracy}",
        "structured_text_confidence_threshold": "${workflow.input.structured_text_threshold}",
        "structured_text_acceptable_confidence": "${workflow.input.structured_min_leg_threshold}",
        "semi_structured_text_target_accuracy": "${workflow.input.semi_structured_text_target_accuracy}",
        "semi_structured_text_confidence_threshold": "${workflow.input.semi_structured_text_threshold}",
        "semi_structured_text_acceptable_confidence": "${workflow.input.semi_structured_min_leg_threshold}",
        "structured_checkbox_target_accuracy": "${workflow.input.structured_checkbox_target_accuracy}",
        "structured_checkbox_confidence_threshold": "${workflow.input.structured_checkbox_threshold}",
        "structured_checkbox_acceptable_confidence": "${workflow.input.checkbox_min_leg_threshold}",
        "structured_signature_target_accuracy": "${workflow.input.structured_signature_target_accuracy}",
        "structured_signature_confidence_threshold": "${workflow.input.structured_signature_threshold}",
        "structured_signature_acceptable_confidence": "${workflow.input.signature_min_leg_threshold}",
        "semi_structured_checkbox_target_accuracy": "${workflow.input.semi_structured_checkbox_target_accuracy}",
        "semi_structured_checkbox_confidence_threshold": "${workflow.input.semi_structured_checkbox_threshold}",
        "semi_structured_checkbox_acceptable_confidence": "${workflow.input.semi_structured_checkbox_min_leg_threshold}"
      },
      "title": "Machine Transcription",
      "description": "Automatically transcribe fields"
    },
    {
      "identifier": "MANUAL_TRANSCRIPTION_2",
      "reference_name": "manual_transcription",
      "input": {
        "submission": "${machine_transcription.output.submission}",
        "api_params": "${submission_bootstrap.output.result.api_params}",
        "task_restrictions": [],
        "manual_transcription_enabled": "${workflow.input.manual_transcription_enabled}",
        "supervision_transcription_masking": true,
        "table_output_manual_review": false,
        "notification_workflow": "IDP_SUBMISSION_NOTIFY_V32"
      },
      "title": "Manual Transcription",
      "description": "Manually transcribe fields that could not be automatically transcribed"
    },
    {
      "identifier": "FLEXIBLE_EXTRACTION",
      "reference_name": "flexible_extraction",
      "input": {
        "layout_release_uuid": "${workflow.input.layout_release_uuid}",
        "api_params": "${submission_bootstrap.output.result.api_params}",
        "submission": "${manual_transcription.output.submission}",
        "task_restrictions": [],
        "supervision_transcription_masking": true,
        "notification_workflow": "IDP_SUBMISSION_NOTIFY_V32"
      },
      "title": "Flexible Extraction",
      "description": "Manually transcribe fields marked for review"
    },
    {
      "identifier": "CUSTOM_CODE",
      "reference_name": "load_submission",
      "input": {
        "data": {
          "submission": "${flexible_extraction.output.submission}"
        },
        "code": "\nfrom typing import Any, Dict, List, Tuple\nfrom blocks.base_python_block import Block, WFEngineTask, WFEngineTaskResult\nfrom blocks.types import BlockInputs\n\n\n# Used to deserialize json inputs by the CCB\nclass CustomCodeBlockProxyInputs(BlockInputs):\n    submission: Any\n\ndef _load_submission(submission: Any) -> Any:\n    import inspect\n\n    submission_id_ref = submission['id']\n    proxy = inspect.stack()[1].frame.f_locals['proxy']\n    r = proxy.sdm_get(f'api/v5/submissions/{submission_id_ref}?flat=False')\n    return r.json()\n\n\ndef process_task(\n    proxy: Block, task: WFEngineTask[CustomCodeBlockProxyInputs]\n) -> WFEngineTaskResult:\n\n    if False:\n        return _load_submission(**task.inputData.dict(), task=task)\n    else:\n        return _load_submission(**task.inputData.dict())\n"
      },
      "title": "Load Submission",
      "description": "Returns Submission in API v5 Format"
    },
    {
      "identifier": "CUSTOM_CODE",
      "reference_name": "redact_pdf",
      "input": {
        "data": {
          "submission": "${load_submission.output.result}"
        },
        "code": "\nfrom typing import Any, Dict, List, Tuple\nfrom blocks.base_python_block import Block, WFEngineTask, WFEngineTaskResult\nfrom blocks.types import BlockInputs\n\n\n# Used to deserialize json inputs by the CCB\nclass CustomCodeBlockProxyInputs(BlockInputs):\n    submission: Any\n\ndef _redact_pdf(submission: Any) -> Any:\n    import inspect\n    import cv2\n    import tempfile\n    import os\n    import subprocess\n\n    # pylint: disable=import-error\n    from blocks.base_python_block import BlobCreateParams  # type: ignore\n    from sdm_image.image_utils.image_read import blob_to_cv2_image  # type: ignore\n\n    # pylint: enable=import-error\n\n    proxy = inspect.stack()[1].frame.f_locals['proxy']\n    color = (0, 0, 0)\n    thickness = -1\n\n    try:\n        for document in submission['documents']:\n            images_list = []\n            for page in document['pages']:\n                if page['corrected_image_url']:\n                    image_url_parts = page['corrected_image_url'].split('/')\n                    image_blob = proxy.fetch_blob(image_url_parts[-1]).content\n                    cv2_image = blob_to_cv2_image(image_blob)\n                    h, w, _ = cv2_image.shape\n\n                    rect_points = []\n\n                    # Process Fields\n                    for field in document['document_fields']:\n                        start_x = None\n                        start_y = None\n                        end_x = None\n                        end_y = None\n\n                        if field['page_id'] == page['id'] and (field['output_name'] and\n                                                               'REDACT_' in field[\n                                                                   'output_name'].upper()):\n                            url = field['field_image_url']\n                            if url:\n                                params = url.split('?')\n                                params.pop(0)\n                                coords = params[0].split('&')\n                                for i, coord in enumerate(coords):\n                                    pair = coord.split('=')\n                                    if i == 0:\n                                        start_x = float(pair[1])\n                                    elif i == 1:\n                                        start_y = float(pair[1])\n                                    elif i == 2:\n                                        end_x = float(pair[1])\n                                    elif i == 3:\n                                        end_y = float(pair[1])\n\n                                if start_x and start_y and end_x and end_y:\n                                    start_point = (\n                                        int(w * start_x),\n                                        int(h * start_y),\n                                    )\n                                    end_point = (\n                                        int(w * end_x),\n                                        int(h * end_y),\n                                    )\n\n                                    rect_points.append((start_point, end_point))\n\n                    for table in document['document_tables']:\n                        for row in table['rows']:\n                            for cell in row['cells']:\n                                start_x = None\n                                start_y = None\n                                end_x = None\n                                end_y = None\n\n                                if cell['page_id'] == page['id'] and (\n                                        cell['column_name'] and 'REDACT' in cell[\n                                    'column_name'].upper()):\n                                    start_x = cell['bounding_box'][0]\n                                    start_y = cell['bounding_box'][1]\n                                    end_x = cell['bounding_box'][2]\n                                    end_y = cell['bounding_box'][3]\n\n                                    if start_x and start_y and end_x and end_y:\n                                        start_point = (\n                                            int(w * start_x),\n                                            int(h * start_y),\n                                        )\n                                        end_point = (\n                                            int(w * end_x),\n                                            int(h * end_y),\n                                        )\n\n                                        rect_points.append((start_point, end_point))\n\n                    for point in rect_points:\n                        cv2_image = cv2.rectangle(\n                            cv2_image, point[0], point[1], color, thickness\n                        )\n\n                    tmp_file = tempfile.NamedTemporaryFile()\n                    tmp_file.write(cv2.imencode('.tiff', cv2_image)[1].tobytes())\n                    tmp_file.flush()\n                    os.fsync(tmp_file.fileno())\n                    images_list.append(tmp_file)\n\n            if images_list:\n                images_list.append(tempfile.NamedTemporaryFile())\n                command = ['tiffcp', *[image_file.name for image_file in images_list]]\n\n                run_result_join = subprocess.run(\n                    command, stdout=subprocess.PIPE, stderr=subprocess.PIPE\n                )\n                if run_result_join.stderr:\n                    # submission['exceptions']\n                    return submission\n\n                images_list.append(tempfile.NamedTemporaryFile())\n                command = ['tiff2pdf', '-o', images_list[-1].name, '-F', images_list[-2].name]\n\n                run_result_pdf = subprocess.run(\n                    command, stdout=subprocess.PIPE, stderr=subprocess.PIPE\n                )\n\n                if run_result_pdf.stderr:\n                    # submission['exceptions']\n                    return submission\n\n                with open(images_list[-1].name, 'rb') as f:\n                    blob_file = proxy.store_blob(\n                        BlobCreateParams(name='document_{}_redacted_pdf'.format(document[\n                                                                                    'id']),\n                                         content=f.read())\n                    )\n\n                document['redacted_pdf'] = '/api/block_storage/{}/download'.format(\n                    blob_file['uuid'])\n    finally:\n        for image_file in images_list:\n            image_file.close()\n    return submission\n\n\ndef process_task(\n    proxy: Block, task: WFEngineTask[CustomCodeBlockProxyInputs]\n) -> WFEngineTaskResult:\n\n    if False:\n        return _redact_pdf(**task.inputData.dict(), task=task)\n    else:\n        return _redact_pdf(**task.inputData.dict())\n"
      },
      "title": "Redact PDF",
      "description": "Redact a PDF based on field configuration"
    },
    {
      "identifier": "CUSTOM_CODE",
      "reference_name": "mark_as_completed",
      "input": {
        "data": {
          "submission": "${redact_pdf.output.result}"
        },
        "code": "\nfrom typing import Any, Dict, List, Tuple\nfrom blocks.base_python_block import Block, WFEngineTask, WFEngineTaskResult\nfrom blocks.types import BlockInputs\n\n\n# Used to deserialize json inputs by the CCB\nclass CustomCodeBlockProxyInputs(BlockInputs):\n    submission: Any\n\ndef _mark_as_completed(submission: Any) -> Any:\n    from datetime import datetime\n\n    dt_completed = datetime.isoformat(datetime.utcnow())\n    dt_completed_fmt = dt_completed + 'Z'\n\n    for document in submission['documents']:\n        document['state'] = 'complete'\n        document['complete_time'] = dt_completed_fmt\n\n        for page in document['pages']:\n            page['state'] = 'complete'\n\n    for page in submission['unassigned_pages']:\n        page['state'] = 'complete'\n\n    submission['state'] = 'complete'\n    submission['complete_time'] = dt_completed_fmt\n\n    return submission\n\n\ndef process_task(\n    proxy: Block, task: WFEngineTask[CustomCodeBlockProxyInputs]\n) -> WFEngineTaskResult:\n\n    if False:\n        return _mark_as_completed(**task.inputData.dict(), task=task)\n    else:\n        return _mark_as_completed(**task.inputData.dict())\n"
      },
      "title": "Mark As Completed",
      "description": "Updated Transformed JSON to Completed State"
    },
    {
      "identifier": "SUBMISSION_COMPLETE_3",
      "reference_name": "complete_submission",
      "input": {
        "payload": "${mark_as_completed.output.result}",
        "submission": "${mark_as_completed.output.result}",
        "nlc_qa_sampling_ratio": "${workflow.input.semi_qa_sample_rate}",
        "field_id_qa_enabled": "${workflow.input.field_id_qa_enabled}",
        "field_id_qa_sampling_ratio": "${workflow.input.field_id_qa_sample_rate}",
        "table_id_qa_enabled": "${workflow.input.table_id_qa_enabled}",
        "table_id_qa_sampling_ratio": "${workflow.input.table_id_qa_sample_rate}",
        "transcription_qa_enabled": "${workflow.input.qa}",
        "transcription_qa_sampling_ratio": "${workflow.input.qa_sample_rate}",
        "table_cell_transcription_qa_enabled": "${workflow.input.table_cell_transcription_qa_enabled}",
        "table_cell_transcription_qa_sample_rate": "${workflow.input.table_cell_transcription_qa_sample_rate}"
      },
      "title": "Complete",
      "description": "Finalize submission processing and update reporting data"
    },
    {
      "identifier": "OUTPUTS",
      "reference_name": "outputs",
      "title": "Outputs",
      "description": "Send submission data to external systems",
      "role_filter": [
        "idp_output"
      ],
      "input_template": {
        "submission": "${submission_bootstrap.output.result.submission}",
        "enabled": true
      },
      "blocks": []
    }
  ],
  "input": {
    "layout_release_uuid": "${system.settings.layout_release_uuid}",
    "structured_layout_match_threshold": 0.6,
    "semi_structured_classification": true,
    "semi_target_accuracy": 0.99,
    "manual_nlc_enabled": false,
    "semi_doc_grouping_logic": "group_pages",
    "semi_qa_sample_rate": 0.05,
    "field_id_target_accuracy": 0.95,
    "table_id_target_accuracy": 0.96,
    "manual_field_id_enabled": true,
    "field_id_qa_enabled": true,
    "field_id_qa_sample_rate": 0.05,
    "table_id_qa_enabled": true,
    "table_id_qa_sample_rate": 0.05,
    "transcription_automation_training": false,
    "transcription_training_legibility_period": 30,
    "transcription_model": "IDP",
    "improved_transcription_threshold_accuracy": true,
    "structured_text_min_training_records": 5000,
    "structured_text_max_training_records": 50000,
    "structured_text_target_accuracy": 0.95,
    "structured_text_threshold": 0.52,
    "structured_min_leg_threshold": 0.1,
    "semi_structured_text_min_training_records": 2000,
    "semi_structured_text_max_training_records": 50000,
    "semi_structured_text_target_accuracy": 0.95,
    "semi_structured_text_threshold": 0.52,
    "semi_structured_min_leg_threshold": 0.1,
    "structured_checkbox_min_training_records": 2000,
    "structured_checkbox_max_training_records": 50000,
    "structured_checkbox_target_accuracy": 0.95,
    "structured_checkbox_threshold": 0.56,
    "checkbox_min_leg_threshold": 0.5,
    "structured_signature_min_training_records": 2000,
    "structured_signature_max_training_records": 50000,
    "structured_signature_target_accuracy": 0.95,
    "structured_signature_threshold": 0.99,
    "signature_min_leg_threshold": 0.5,
    "semi_structured_checkbox_min_training_records": 2000,
    "semi_structured_checkbox_max_training_records": 50000,
    "semi_structured_checkbox_target_accuracy": 0.95,
    "semi_structured_checkbox_threshold": 0.56,
    "semi_structured_checkbox_min_leg_threshold": 0.5,
    "manual_transcription_enabled": true,
    "semi_transcription_conf_boost": false,
    "qa": true,
    "qa_sample_rate": 0.05,
    "table_cell_transcription_qa_enabled": true,
    "table_cell_transcription_qa_sample_rate": 0.05,
    "finetuning_only_trained_layouts": true
  },
  "description": "PDF Redaction based on Field Configuration",
  "triggers": {
    "title": "Inputs",
    "description": "Ingest submission data from an external source, and trigger submission processing",
    "reference_name": "triggers",
    "api_params_manifest": {
      "input": [
        {
          "name": "restrictions",
          "type": "TaskRestrictions",
          "title": "Task Restrictions",
          "description": "Supervision tasks for submissions created via this input connection will only be accessible to users associated with the specified Task Restrictions.",
          "value": [],
          "optional": true
        },
        {
          "name": "goal_time_rule",
          "type": "GoalTimeRule",
          "title": "Submission Processing Deadline",
          "description": "Dynamic processing deadline for submissions coming via this connection.This will impact how manual tasks get prioritized in the Work Queue.",
          "value": null,
          "optional": true
        },
        {
          "name": "layout_uuid",
          "type": "LayoutUUID",
          "title": "Layout UUID",
          "description": "The UUID of a Semi-Structured layout that's part of an active release can be specified. When specified, all submitted pages in the request will be matched to it and machine page classification will be skipped.",
          "value": null,
          "optional": true
        },
        {
          "name": "fallback_layout_uuid",
          "type": "LayoutUUID",
          "title": "Fallback Layout UUID",
          "description": "The UUID of a Semi-Structured layout that's part of an active release can be specified. When specified only pages that are not matched to a live Structured layout in the request will be matched to the specified Semi-structured layout.",
          "value": null,
          "optional": true
        },
        {
          "name": "source_routing_tag_comma_separated",
          "type": "string",
          "title": "Source Tags",
          "description": "Comma-separated values. Source tags can be used to filter what status change notifications are sent to each output connection.",
          "value": null,
          "optional": true
        },
        {
          "name": "machine_only",
          "type": "boolean",
          "title": "Machine Only",
          "description": "Process the submission using an automated flow only.",
          "value": false
        },
        {
          "name": "single_document_per_page",
          "type": "boolean",
          "title": "Single Document Per Page",
          "description": "This parameter only applies to semi-structured documents. Force the creation of separate documents for each uploaded page in each file. For example, a single PNG image will produce a single document while a 3-page PDF file will always produce 3 separate documents under this scheme. It takes precedence over the flow's settings. By default, PNG and JPG files that match the same layout are combined into one document while only consecutive pages in a single PDF, TFF, or XPS matching the same layout will be grouped into the same document.",
          "value": false
        }
      ],
      "ui": {
        "groups": [
          {
            "title": "Submission Processing Settings",
            "fields": [
              "restrictions",
              "goal_time_rule",
              "layout_uuid",
              "fallback_layout_uuid",
              "source_routing_tag_comma_separated",
              "machine_only",
              "single_document_per_page"
            ]
          }
        ]
      }
    },
    "blocks": []
  },
  "output": {
    "submission": "${complete_submission.output}"
  }
}
